Plate Name(s),Sequence Name,Barcode,Sequence,Plate Number,Well Position
KabirITS1_1,kabir_ITSrcbc3,ATCACCAGGTGT,CAAGCAGAAGACGGCATACGAGATATCACCAGGTGTCGGCTGCGTTCTTCATCGATGC,Plate 1,A4
KabirITS1_1,kabir_ITSrcbc14,ACCAGTGACTCA,CAAGCAGAAGACGGCATACGAGATACCAGTGACTCACGGCTGCGTTCTTCATCGATGC,Plate 1,B3
KabirITS1_1,kabir_ITSrcbc42,TTGGGTACACGT,CAAGCAGAAGACGGCATACGAGATTTGGGTACACGTCGGCTGCGTTCTTCATCGATGC,Plate 1,D7
KabirITS1_1,kabir_ITSrcbc47,CATTCGTGGCGT,CAAGCAGAAGACGGCATACGAGATCATTCGTGGCGTCGGCTGCGTTCTTCATCGATGC,Plate 1,D12
KabirITS1_1,kabir_ITSrcbc52,ACTCACAGGAAT,CAAGCAGAAGACGGCATACGAGATACTCACAGGAATCGGCTGCGTTCTTCATCGATGC,Plate 1,E5
KabirITS1_1,kabir_ITSrcbc57,TATACCGCTGCG,CAAGCAGAAGACGGCATACGAGATTATACCGCTGCGCGGCTGCGTTCTTCATCGATGC,Plate 1,E10
KabirITS1_1,kabir_ITSrcbc60,CGGTCAATTGAC,CAAGCAGAAGACGGCATACGAGATCGGTCAATTGACCGGCTGCGTTCTTCATCGATGC,Plate 1,F1
KabirITS1_1,kabir_ITSrcbc66,CTCACCTAGGAA,CAAGCAGAAGACGGCATACGAGATCTCACCTAGGAACGGCTGCGTTCTTCATCGATGC,Plate 1,F7
KabirITS1_1,kabir_ITSrcbc72,GGTGACTAGTTC,CAAGCAGAAGACGGCATACGAGATGGTGACTAGTTCCGGCTGCGTTCTTCATCGATGC,Plate 1,G1
KabirITS1_1,kabir_ITSrcbc82,ATGGCTGTCAGT,CAAGCAGAAGACGGCATACGAGATATGGCTGTCAGTCGGCTGCGTTCTTCATCGATGC,Plate 1,G11
KabirITS1_1,kabir_ITSrcbc95,GATCCCACGTAC,CAAGCAGAAGACGGCATACGAGATGATCCCACGTACCGGCTGCGTTCTTCATCGATGC,Plate 1,H12
KabirITS1_2,kabir_ITSrcbc99,GCCTAGCCCAAT,CAAGCAGAAGACGGCATACGAGATGCCTAGCCCAATCGGCTGCGTTCTTCATCGATGC,Plate 2,A4
KabirITS1_2,kabir_ITSrcbc102,GTCACGGACATT,CAAGCAGAAGACGGCATACGAGATGTCACGGACATTCGGCTGCGTTCTTCATCGATGC,Plate 2,A7
KabirITS1_2,kabir_ITSrcbc103,GCGAGCGAAGTA,CAAGCAGAAGACGGCATACGAGATGCGAGCGAAGTACGGCTGCGTTCTTCATCGATGC,Plate 2,A8
KabirITS1_2,kabir_ITSrcbc127,GTTAAGCTGACC,CAAGCAGAAGACGGCATACGAGATGTTAAGCTGACCCGGCTGCGTTCTTCATCGATGC,Plate 2,C8
KabirITS1_2,kabir_ITSrcbc133,ACCCAAGCGTTA,CAAGCAGAAGACGGCATACGAGATACCCAAGCGTTACGGCTGCGTTCTTCATCGATGC,Plate 2,D2
KabirITS1_2,kabir_ITSrcbc145,TGAACCCTATGG,CAAGCAGAAGACGGCATACGAGATTGAACCCTATGGCGGCTGCGTTCTTCATCGATGC,Plate 2,E2
KabirITS1_2,kabir_ITSrcbc180,GTGCAACCAATC,CAAGCAGAAGACGGCATACGAGATGTGCAACCAATCCGGCTGCGTTCTTCATCGATGC,Plate 2,H1
KabirITS1_2,kabir_ITSrcbc187,TATGTGCCGGCT,CAAGCAGAAGACGGCATACGAGATTATGTGCCGGCTCGGCTGCGTTCTTCATCGATGC,Plate 2,H8
KabirITS1_2,kabir_ITSrcbc190,CGGATCTAGTGT,CAAGCAGAAGACGGCATACGAGATCGGATCTAGTGTCGGCTGCGTTCTTCATCGATGC,Plate 2,H11
KabirITS1_3,kabir_ITSrcbc192,GTCGAATTTGCG,CAAGCAGAAGACGGCATACGAGATGTCGAATTTGCGCGGCTGCGTTCTTCATCGATGC,Plate 3,A1
KabirITS1_3,kabir_ITSrcbc193,GCATCAGAGTTA,CAAGCAGAAGACGGCATACGAGATGCATCAGAGTTACGGCTGCGTTCTTCATCGATGC,Plate 3,A2
KabirITS1_3,kabir_ITSrcbc194,GTGGTCATCGTA,CAAGCAGAAGACGGCATACGAGATGTGGTCATCGTACGGCTGCGTTCTTCATCGATGC,Plate 3,A3
KabirITS1_3,kabir_ITSrcbc195,CTGAAGGGCGAA,CAAGCAGAAGACGGCATACGAGATCTGAAGGGCGAACGGCTGCGTTCTTCATCGATGC,Plate 3,A4
KabirITS1_3,kabir_ITSrcbc196,CGCTCACAGAAT,CAAGCAGAAGACGGCATACGAGATCGCTCACAGAATCGGCTGCGTTCTTCATCGATGC,Plate 3,A5
KabirITS1_3,kabir_ITSrcbc197,ATTCGGTAGTGC,CAAGCAGAAGACGGCATACGAGATATTCGGTAGTGCCGGCTGCGTTCTTCATCGATGC,Plate 3,A6
KabirITS1_3,kabir_ITSrcbc198,CGAGCTGTTACC,CAAGCAGAAGACGGCATACGAGATCGAGCTGTTACCCGGCTGCGTTCTTCATCGATGC,Plate 3,A7
KabirITS1_3,kabir_ITSrcbc199,CAACACATGCTG,CAAGCAGAAGACGGCATACGAGATCAACACATGCTGCGGCTGCGTTCTTCATCGATGC,Plate 3,A8
KabirITS1_3,kabir_ITSrcbc200,ATTCTCTCACGT,CAAGCAGAAGACGGCATACGAGATATTCTCTCACGTCGGCTGCGTTCTTCATCGATGC,Plate 3,A9
KabirITS1_3,kabir_ITSrcbc201,CGACTCTAAACG,CAAGCAGAAGACGGCATACGAGATCGACTCTAAACGCGGCTGCGTTCTTCATCGATGC,Plate 3,A10
KabirITS1_3,kabir_ITSrcbc202,GTCTTCAGCAAG,CAAGCAGAAGACGGCATACGAGATGTCTTCAGCAAGCGGCTGCGTTCTTCATCGATGC,Plate 3,A11
KabirITS1_3,kabir_ITSrcbc203,CGGATAACCTCC,CAAGCAGAAGACGGCATACGAGATCGGATAACCTCCCGGCTGCGTTCTTCATCGATGC,Plate 3,A12
KabirITS1_3,kabir_ITSrcbc204,AGGGTGACTTTA,CAAGCAGAAGACGGCATACGAGATAGGGTGACTTTACGGCTGCGTTCTTCATCGATGC,Plate 3,B1
KabirITS1_3,kabir_ITSrcbc205,GACTTCATGCGA,CAAGCAGAAGACGGCATACGAGATGACTTCATGCGACGGCTGCGTTCTTCATCGATGC,Plate 3,B2
KabirITS1_3,kabir_ITSrcbc206,GCCTGTCTGCAA,CAAGCAGAAGACGGCATACGAGATGCCTGTCTGCAACGGCTGCGTTCTTCATCGATGC,Plate 3,B3
KabirITS1_3,kabir_ITSrcbc207,ACTGATGGCCTC,CAAGCAGAAGACGGCATACGAGATACTGATGGCCTCCGGCTGCGTTCTTCATCGATGC,Plate 3,B4
KabirITS1_3,kabir_ITSrcbc208,TTCGATGCCGCA,CAAGCAGAAGACGGCATACGAGATTTCGATGCCGCACGGCTGCGTTCTTCATCGATGC,Plate 3,B5
KabirITS1_3,kabir_ITSrcbc209,TGTGGCTCGTGT,CAAGCAGAAGACGGCATACGAGATTGTGGCTCGTGTCGGCTGCGTTCTTCATCGATGC,Plate 3,B6
KabirITS1_3,kabir_ITSrcbc210,AACTTTCAGGAG,CAAGCAGAAGACGGCATACGAGATAACTTTCAGGAGCGGCTGCGTTCTTCATCGATGC,Plate 3,B7
KabirITS1_3,kabir_ITSrcbc211,TGCACGTGATAA,CAAGCAGAAGACGGCATACGAGATTGCACGTGATAACGGCTGCGTTCTTCATCGATGC,Plate 3,B8
KabirITS1_3,kabir_ITSrcbc212,GTTCGGTGTCCA,CAAGCAGAAGACGGCATACGAGATGTTCGGTGTCCACGGCTGCGTTCTTCATCGATGC,Plate 3,B9
KabirITS1_3,kabir_ITSrcbc213,AAGACAGCTATC,CAAGCAGAAGACGGCATACGAGATAAGACAGCTATCCGGCTGCGTTCTTCATCGATGC,Plate 3,B10
KabirITS1_3,kabir_ITSrcbc214,ATTGACCGGTCA,CAAGCAGAAGACGGCATACGAGATATTGACCGGTCACGGCTGCGTTCTTCATCGATGC,Plate 3,B11
KabirITS1_3,kabir_ITSrcbc215,TTCTCCATCACA,CAAGCAGAAGACGGCATACGAGATTTCTCCATCACACGGCTGCGTTCTTCATCGATGC,Plate 3,B12
KabirITS1_3,kabir_ITSrcbc216,CGTAGGTAGAGG,CAAGCAGAAGACGGCATACGAGATCGTAGGTAGAGGCGGCTGCGTTCTTCATCGATGC,Plate 3,C1
KabirITS1_3,kabir_ITSrcbc217,ATTTAGGACGAC,CAAGCAGAAGACGGCATACGAGATATTTAGGACGACCGGCTGCGTTCTTCATCGATGC,Plate 3,C2
KabirITS1_3,kabir_ITSrcbc218,GGATAGCCAAGG,CAAGCAGAAGACGGCATACGAGATGGATAGCCAAGGCGGCTGCGTTCTTCATCGATGC,Plate 3,C3
KabirITS1_3,kabir_ITSrcbc219,TGGTTGGTTACG,CAAGCAGAAGACGGCATACGAGATTGGTTGGTTACGCGGCTGCGTTCTTCATCGATGC,Plate 3,C4
KabirITS1_3,kabir_ITSrcbc220,GTCGTCCAAATG,CAAGCAGAAGACGGCATACGAGATGTCGTCCAAATGCGGCTGCGTTCTTCATCGATGC,Plate 3,C5
KabirITS1_3,kabir_ITSrcbc221,CAACGTGCTCCA,CAAGCAGAAGACGGCATACGAGATCAACGTGCTCCACGGCTGCGTTCTTCATCGATGC,Plate 3,C6
KabirITS1_3,kabir_ITSrcbc222,TACACAAGTCGC,CAAGCAGAAGACGGCATACGAGATTACACAAGTCGCCGGCTGCGTTCTTCATCGATGC,Plate 3,C7
KabirITS1_3,kabir_ITSrcbc223,GCGTCCATGAAT,CAAGCAGAAGACGGCATACGAGATGCGTCCATGAATCGGCTGCGTTCTTCATCGATGC,Plate 3,C8
KabirITS1_3,kabir_ITSrcbc224,GTAATGCGTAAC,CAAGCAGAAGACGGCATACGAGATGTAATGCGTAACCGGCTGCGTTCTTCATCGATGC,Plate 3,C9
KabirITS1_3,kabir_ITSrcbc225,GTCGCCGTACAT,CAAGCAGAAGACGGCATACGAGATGTCGCCGTACATCGGCTGCGTTCTTCATCGATGC,Plate 3,C10
KabirITS1_3,kabir_ITSrcbc226,GGAATCCGATTA,CAAGCAGAAGACGGCATACGAGATGGAATCCGATTACGGCTGCGTTCTTCATCGATGC,Plate 3,C11
KabirITS1_3,kabir_ITSrcbc227,CACCCGATGGTT,CAAGCAGAAGACGGCATACGAGATCACCCGATGGTTCGGCTGCGTTCTTCATCGATGC,Plate 3,C12
KabirITS1_3,kabir_ITSrcbc228,TTCTGAGAGGTA,CAAGCAGAAGACGGCATACGAGATTTCTGAGAGGTACGGCTGCGTTCTTCATCGATGC,Plate 3,D1
KabirITS1_3,kabir_ITSrcbc229,ATCCCTACGGAA,CAAGCAGAAGACGGCATACGAGATATCCCTACGGAACGGCTGCGTTCTTCATCGATGC,Plate 3,D2
KabirITS1_3,kabir_ITSrcbc230,GGTTCCATTAGG,CAAGCAGAAGACGGCATACGAGATGGTTCCATTAGGCGGCTGCGTTCTTCATCGATGC,Plate 3,D3
KabirITS1_3,kabir_ITSrcbc231,GTGTTCCCAGAA,CAAGCAGAAGACGGCATACGAGATGTGTTCCCAGAACGGCTGCGTTCTTCATCGATGC,Plate 3,D4
KabirITS1_3,kabir_ITSrcbc232,CCGAGGTATAAT,CAAGCAGAAGACGGCATACGAGATCCGAGGTATAATCGGCTGCGTTCTTCATCGATGC,Plate 3,D5
KabirITS1_3,kabir_ITSrcbc233,AGCGTAATTAGC,CAAGCAGAAGACGGCATACGAGATAGCGTAATTAGCCGGCTGCGTTCTTCATCGATGC,Plate 3,D6
KabirITS1_3,kabir_ITSrcbc234,CTCGTGAATGAC,CAAGCAGAAGACGGCATACGAGATCTCGTGAATGACCGGCTGCGTTCTTCATCGATGC,Plate 3,D7
KabirITS1_3,kabir_ITSrcbc235,AGGTGAGTTCTA,CAAGCAGAAGACGGCATACGAGATAGGTGAGTTCTACGGCTGCGTTCTTCATCGATGC,Plate 3,D8
KabirITS1_3,kabir_ITSrcbc236,CCTGTCCTATCT,CAAGCAGAAGACGGCATACGAGATCCTGTCCTATCTCGGCTGCGTTCTTCATCGATGC,Plate 3,D9
KabirITS1_3,kabir_ITSrcbc237,GGTTTAACACGC,CAAGCAGAAGACGGCATACGAGATGGTTTAACACGCCGGCTGCGTTCTTCATCGATGC,Plate 3,D10
KabirITS1_3,kabir_ITSrcbc238,AGACAGTAGGAG,CAAGCAGAAGACGGCATACGAGATAGACAGTAGGAGCGGCTGCGTTCTTCATCGATGC,Plate 3,D11
KabirITS1_3,kabir_ITSrcbc239,GCCACGACTTAC,CAAGCAGAAGACGGCATACGAGATGCCACGACTTACCGGCTGCGTTCTTCATCGATGC,Plate 3,D12
KabirITS1_3,kabir_ITSrcbc240,ATTGTTCCTACC,CAAGCAGAAGACGGCATACGAGATATTGTTCCTACCCGGCTGCGTTCTTCATCGATGC,Plate 3,E1
KabirITS1_3,kabir_ITSrcbc241,GCCGTAAACTTG,CAAGCAGAAGACGGCATACGAGATGCCGTAAACTTGCGGCTGCGTTCTTCATCGATGC,Plate 3,E2
KabirITS1_3,kabir_ITSrcbc242,GCAGATTTCCAG,CAAGCAGAAGACGGCATACGAGATGCAGATTTCCAGCGGCTGCGTTCTTCATCGATGC,Plate 3,E3
KabirITS1_3,kabir_ITSrcbc243,AGATGATCAGTC,CAAGCAGAAGACGGCATACGAGATAGATGATCAGTCCGGCTGCGTTCTTCATCGATGC,Plate 3,E4
KabirITS1_3,kabir_ITSrcbc244,GAGACGTGTTCT,CAAGCAGAAGACGGCATACGAGATGAGACGTGTTCTCGGCTGCGTTCTTCATCGATGC,Plate 3,E5
KabirITS1_3,kabir_ITSrcbc245,TATCACCGGCAC,CAAGCAGAAGACGGCATACGAGATTATCACCGGCACCGGCTGCGTTCTTCATCGATGC,Plate 3,E6
KabirITS1_3,kabir_ITSrcbc246,TATGCCAGAGAT,CAAGCAGAAGACGGCATACGAGATTATGCCAGAGATCGGCTGCGTTCTTCATCGATGC,Plate 3,E7
KabirITS1_3,kabir_ITSrcbc247,AGGTCCAAATCA,CAAGCAGAAGACGGCATACGAGATAGGTCCAAATCACGGCTGCGTTCTTCATCGATGC,Plate 3,E8
KabirITS1_3,kabir_ITSrcbc248,ACCGTGCTCACA,CAAGCAGAAGACGGCATACGAGATACCGTGCTCACACGGCTGCGTTCTTCATCGATGC,Plate 3,E9
KabirITS1_3,kabir_ITSrcbc249,CTCCCTTTGTGT,CAAGCAGAAGACGGCATACGAGATCTCCCTTTGTGTCGGCTGCGTTCTTCATCGATGC,Plate 3,E10
KabirITS1_3,kabir_ITSrcbc250,AGCTGCACCTAA,CAAGCAGAAGACGGCATACGAGATAGCTGCACCTAACGGCTGCGTTCTTCATCGATGC,Plate 3,E11
KabirITS1_3,kabir_ITSrcbc251,CCTTGACCGATG,CAAGCAGAAGACGGCATACGAGATCCTTGACCGATGCGGCTGCGTTCTTCATCGATGC,Plate 3,E12
KabirITS1_3,kabir_ITSrcbc252,CTATCATCCTCA,CAAGCAGAAGACGGCATACGAGATCTATCATCCTCACGGCTGCGTTCTTCATCGATGC,Plate 3,F1
KabirITS1_3,kabir_ITSrcbc253,ACTCTAGCCGGT,CAAGCAGAAGACGGCATACGAGATACTCTAGCCGGTCGGCTGCGTTCTTCATCGATGC,Plate 3,F2
KabirITS1_3,kabir_ITSrcbc254,CGATAGGCCTTA,CAAGCAGAAGACGGCATACGAGATCGATAGGCCTTACGGCTGCGTTCTTCATCGATGC,Plate 3,F3
KabirITS1_3,kabir_ITSrcbc255,AATGACCTCGTG,CAAGCAGAAGACGGCATACGAGATAATGACCTCGTGCGGCTGCGTTCTTCATCGATGC,Plate 3,F4
KabirITS1_3,kabir_ITSrcbc256,CTTAGGCATGTG,CAAGCAGAAGACGGCATACGAGATCTTAGGCATGTGCGGCTGCGTTCTTCATCGATGC,Plate 3,F5
KabirITS1_3,kabir_ITSrcbc257,CCAGATATAGCA,CAAGCAGAAGACGGCATACGAGATCCAGATATAGCACGGCTGCGTTCTTCATCGATGC,Plate 3,F6
KabirITS1_3,kabir_ITSrcbc258,GAGAGTCCACTT,CAAGCAGAAGACGGCATACGAGATGAGAGTCCACTTCGGCTGCGTTCTTCATCGATGC,Plate 3,F7
KabirITS1_3,kabir_ITSrcbc259,GAACGGGACGTA,CAAGCAGAAGACGGCATACGAGATGAACGGGACGTACGGCTGCGTTCTTCATCGATGC,Plate 3,F8
KabirITS1_3,kabir_ITSrcbc260,ACGTGTAGGCTT,CAAGCAGAAGACGGCATACGAGATACGTGTAGGCTTCGGCTGCGTTCTTCATCGATGC,Plate 3,F9
KabirITS1_3,kabir_ITSrcbc261,GGTCTCCTACAG,CAAGCAGAAGACGGCATACGAGATGGTCTCCTACAGCGGCTGCGTTCTTCATCGATGC,Plate 3,F10
KabirITS1_3,kabir_ITSrcbc262,ACTGACTTAAGG,CAAGCAGAAGACGGCATACGAGATACTGACTTAAGGCGGCTGCGTTCTTCATCGATGC,Plate 3,F11
KabirITS1_3,kabir_ITSrcbc263,GATGCTGCCGTT,CAAGCAGAAGACGGCATACGAGATGATGCTGCCGTTCGGCTGCGTTCTTCATCGATGC,Plate 3,F12
KabirITS1_3,kabir_ITSrcbc264,TTCCTAGGCCAG,CAAGCAGAAGACGGCATACGAGATTTCCTAGGCCAGCGGCTGCGTTCTTCATCGATGC,Plate 3,G1
KabirITS1_3,kabir_ITSrcbc265,ATTAAGCCTGGA,CAAGCAGAAGACGGCATACGAGATATTAAGCCTGGACGGCTGCGTTCTTCATCGATGC,Plate 3,G2
KabirITS1_3,kabir_ITSrcbc266,TGGCTTTCTATC,CAAGCAGAAGACGGCATACGAGATTGGCTTTCTATCCGGCTGCGTTCTTCATCGATGC,Plate 3,G3
KabirITS1_3,kabir_ITSrcbc267,ACAGCTCAAACA,CAAGCAGAAGACGGCATACGAGATACAGCTCAAACACGGCTGCGTTCTTCATCGATGC,Plate 3,G4
KabirITS1_3,kabir_ITSrcbc268,GAGCGTATCCAT,CAAGCAGAAGACGGCATACGAGATGAGCGTATCCATCGGCTGCGTTCTTCATCGATGC,Plate 3,G5
KabirITS1_3,kabir_ITSrcbc269,ATGGGCGAATGG,CAAGCAGAAGACGGCATACGAGATATGGGCGAATGGCGGCTGCGTTCTTCATCGATGC,Plate 3,G6
KabirITS1_3,kabir_ITSrcbc270,GATCTCTGGGTA,CAAGCAGAAGACGGCATACGAGATGATCTCTGGGTACGGCTGCGTTCTTCATCGATGC,Plate 3,G7
KabirITS1_3,kabir_ITSrcbc271,CATCATACGGGT,CAAGCAGAAGACGGCATACGAGATCATCATACGGGTCGGCTGCGTTCTTCATCGATGC,Plate 3,G8
KabirITS1_3,kabir_ITSrcbc272,TACGGATTATGG,CAAGCAGAAGACGGCATACGAGATTACGGATTATGGCGGCTGCGTTCTTCATCGATGC,Plate 3,G9
KabirITS1_3,kabir_ITSrcbc273,ATAGCGAACTCA,CAAGCAGAAGACGGCATACGAGATATAGCGAACTCACGGCTGCGTTCTTCATCGATGC,Plate 3,G10
KabirITS1_3,kabir_ITSrcbc274,TAACGCTGTGTG,CAAGCAGAAGACGGCATACGAGATTAACGCTGTGTGCGGCTGCGTTCTTCATCGATGC,Plate 3,G11
KabirITS1_3,kabir_ITSrcbc275,AACCAAACTCGA,CAAGCAGAAGACGGCATACGAGATAACCAAACTCGACGGCTGCGTTCTTCATCGATGC,Plate 3,G12
KabirITS1_3,kabir_ITSrcbc276,GCCGTCTCGTAA,CAAGCAGAAGACGGCATACGAGATGCCGTCTCGTAACGGCTGCGTTCTTCATCGATGC,Plate 3,H1
KabirITS1_3,kabir_ITSrcbc277,CTGGGTATCTCG,CAAGCAGAAGACGGCATACGAGATCTGGGTATCTCGCGGCTGCGTTCTTCATCGATGC,Plate 3,H2
KabirITS1_3,kabir_ITSrcbc278,GACTACCCGTTG,CAAGCAGAAGACGGCATACGAGATGACTACCCGTTGCGGCTGCGTTCTTCATCGATGC,Plate 3,H3
KabirITS1_3,kabir_ITSrcbc279,GCGTTGCAAACT,CAAGCAGAAGACGGCATACGAGATGCGTTGCAAACTCGGCTGCGTTCTTCATCGATGC,Plate 3,H4
KabirITS1_3,kabir_ITSrcbc280,AACCGCATAAGT,CAAGCAGAAGACGGCATACGAGATAACCGCATAAGTCGGCTGCGTTCTTCATCGATGC,Plate 3,H5
KabirITS1_3,kabir_ITSrcbc281,ACCTTACACCTT,CAAGCAGAAGACGGCATACGAGATACCTTACACCTTCGGCTGCGTTCTTCATCGATGC,Plate 3,H6
KabirITS1_3,kabir_ITSrcbc282,GTAGGTGCTTAC,CAAGCAGAAGACGGCATACGAGATGTAGGTGCTTACCGGCTGCGTTCTTCATCGATGC,Plate 3,H7
KabirITS1_3,kabir_ITSrcbc283,CGCATTTGGATG,CAAGCAGAAGACGGCATACGAGATCGCATTTGGATGCGGCTGCGTTCTTCATCGATGC,Plate 3,H8
KabirITS1_3,kabir_ITSrcbc284,ATAACATGTGCG,CAAGCAGAAGACGGCATACGAGATATAACATGTGCGCGGCTGCGTTCTTCATCGATGC,Plate 3,H9
KabirITS1_3,kabir_ITSrcbc285,CTTGAGAAATCG,CAAGCAGAAGACGGCATACGAGATCTTGAGAAATCGCGGCTGCGTTCTTCATCGATGC,Plate 3,H10
KabirITS1_3,kabir_ITSrcbc286,CTACACAGCACA,CAAGCAGAAGACGGCATACGAGATCTACACAGCACACGGCTGCGTTCTTCATCGATGC,Plate 3,H11
KabirITS1_3,kabir_ITSrcbc287,GAAATGCTACGT,CAAGCAGAAGACGGCATACGAGATGAAATGCTACGTCGGCTGCGTTCTTCATCGATGC,Plate 3,H12
KabirITS1_4,kabir_ITSrcbc290,AGACATACCGTA,CAAGCAGAAGACGGCATACGAGATAGACATACCGTACGGCTGCGTTCTTCATCGATGC,Plate 4,A3
KabirITS1_4,kabir_ITSrcbc298,GCATTCGGCGTT,CAAGCAGAAGACGGCATACGAGATGCATTCGGCGTTCGGCTGCGTTCTTCATCGATGC,Plate 4,A11
KabirITS1_4,kabir_ITSrcbc315,CTACTTACATCC,CAAGCAGAAGACGGCATACGAGATCTACTTACATCCCGGCTGCGTTCTTCATCGATGC,Plate 4,C4
KabirITS1_4,kabir_ITSrcbc323,CTTCCAACTCAT,CAAGCAGAAGACGGCATACGAGATCTTCCAACTCATCGGCTGCGTTCTTCATCGATGC,Plate 4,C12
KabirITS1_4,kabir_ITSrcbc344,TCAGTCAGATGA,CAAGCAGAAGACGGCATACGAGATTCAGTCAGATGACGGCTGCGTTCTTCATCGATGC,Plate 4,E9
KabirITS1_4,kabir_ITSrcbc346,GCTGTGATTCGA,CAAGCAGAAGACGGCATACGAGATGCTGTGATTCGACGGCTGCGTTCTTCATCGATGC,Plate 4,E11
KabirITS1_4,kabir_ITSrcbc355,GCTAGTTATGGA,CAAGCAGAAGACGGCATACGAGATGCTAGTTATGGACGGCTGCGTTCTTCATCGATGC,Plate 4,F8
KabirITS1_4,kabir_ITSrcbc359,AAGTGGCTATCC,CAAGCAGAAGACGGCATACGAGATAAGTGGCTATCCCGGCTGCGTTCTTCATCGATGC,Plate 4,F12
KabirITS1_4,kabir_ITSrcbc362,GCATTACTGGAC,CAAGCAGAAGACGGCATACGAGATGCATTACTGGACCGGCTGCGTTCTTCATCGATGC,Plate 4,G3
KabirITS1_4,kabir_ITSrcbc363,TTGGGCCACATA,CAAGCAGAAGACGGCATACGAGATTTGGGCCACATACGGCTGCGTTCTTCATCGATGC,Plate 4,G4
KabirITS1_4,kabir_ITSrcbc372,CGATCGAACACT,CAAGCAGAAGACGGCATACGAGATCGATCGAACACTCGGCTGCGTTCTTCATCGATGC,Plate 4,H1
KabirITS1_4,kabir_ITSrcbc376,TCCGTGGTATAG,CAAGCAGAAGACGGCATACGAGATTCCGTGGTATAGCGGCTGCGTTCTTCATCGATGC,Plate 4,H5
KabirITS1_4,kabir_ITSrcbc383,CGTTCCTTGTTA,CAAGCAGAAGACGGCATACGAGATCGTTCCTTGTTACGGCTGCGTTCTTCATCGATGC,Plate 4,H12
KabirITS1_5,kabir_ITSrcbc387,GCACATAGTCGT,CAAGCAGAAGACGGCATACGAGATGCACATAGTCGTCGGCTGCGTTCTTCATCGATGC,Plate 5,A4
KabirITS1_5,kabir_ITSrcbc399,CACAGTTGAAGT,CAAGCAGAAGACGGCATACGAGATCACAGTTGAAGTCGGCTGCGTTCTTCATCGATGC,Plate 5,B4
KabirITS1_5,kabir_ITSrcbc428,CGGCCTAAGTTC,CAAGCAGAAGACGGCATACGAGATCGGCCTAAGTTCCGGCTGCGTTCTTCATCGATGC,Plate 5,D9
KabirITS1_5,kabir_ITSrcbc434,TTGCACCGTCGA,CAAGCAGAAGACGGCATACGAGATTTGCACCGTCGACGGCTGCGTTCTTCATCGATGC,Plate 5,E3
KabirITS1_5,kabir_ITSrcbc435,TGCTACAGACGT,CAAGCAGAAGACGGCATACGAGATTGCTACAGACGTCGGCTGCGTTCTTCATCGATGC,Plate 5,E4
KabirITS1_5,kabir_ITSrcbc437,ACGCACATACAA,CAAGCAGAAGACGGCATACGAGATACGCACATACAACGGCTGCGTTCTTCATCGATGC,Plate 5,E6
KabirITS1_5,kabir_ITSrcbc439,GATAGCACTCGT,CAAGCAGAAGACGGCATACGAGATGATAGCACTCGTCGGCTGCGTTCTTCATCGATGC,Plate 5,E8
KabirITS1_5,kabir_ITSrcbc440,TAGCGCGAACTT,CAAGCAGAAGACGGCATACGAGATTAGCGCGAACTTCGGCTGCGTTCTTCATCGATGC,Plate 5,E9
KabirITS1_5,kabir_ITSrcbc453,CTCATCATGTTC,CAAGCAGAAGACGGCATACGAGATCTCATCATGTTCCGGCTGCGTTCTTCATCGATGC,Plate 5,F10
KabirITS1_5,kabir_ITSrcbc466,GTTTGGCCACAC,CAAGCAGAAGACGGCATACGAGATGTTTGGCCACACCGGCTGCGTTCTTCATCGATGC,Plate 5,G11
KabirITS1_5,kabir_ITSrcbc473,CACGCTATTGGA,CAAGCAGAAGACGGCATACGAGATCACGCTATTGGACGGCTGCGTTCTTCATCGATGC,Plate 5,H6
KabirITS1_5,kabir_ITSrcbc474,AACTTCACTTCC,CAAGCAGAAGACGGCATACGAGATAACTTCACTTCCCGGCTGCGTTCTTCATCGATGC,Plate 5,H7
KabirITS1_6,kabir_ITSrcbc508,ATGCCGGTAATA,CAAGCAGAAGACGGCATACGAGATATGCCGGTAATACGGCTGCGTTCTTCATCGATGC,Plate 6,C5
KabirITS1_6,kabir_ITSrcbc515,TTGACGACATCG,CAAGCAGAAGACGGCATACGAGATTTGACGACATCGCGGCTGCGTTCTTCATCGATGC,Plate 6,C12
KabirITS1_6,kabir_ITSrcbc535,TGCGGTTGACTC,CAAGCAGAAGACGGCATACGAGATTGCGGTTGACTCCGGCTGCGTTCTTCATCGATGC,Plate 6,E8
KabirITS1_6,kabir_ITSrcbc541,CATAAGGGAGGC,CAAGCAGAAGACGGCATACGAGATCATAAGGGAGGCCGGCTGCGTTCTTCATCGATGC,Plate 6,F2
KabirITS1_6,kabir_ITSrcbc542,TGTGTTACTCCT,CAAGCAGAAGACGGCATACGAGATTGTGTTACTCCTCGGCTGCGTTCTTCATCGATGC,Plate 6,F3
KabirITS1_6,kabir_ITSrcbc567,AGTACGCAGTCT,CAAGCAGAAGACGGCATACGAGATAGTACGCAGTCTCGGCTGCGTTCTTCATCGATGC,Plate 6,H4
KabirITS1_6,kabir_ITSrcbc574,TACTGAGCCTCG,CAAGCAGAAGACGGCATACGAGATTACTGAGCCTCGCGGCTGCGTTCTTCATCGATGC,Plate 6,H11
KabirITS1_7,kabir_ITSrcbc594,TAGAGGCGTAGG,CAAGCAGAAGACGGCATACGAGATTAGAGGCGTAGGCGGCTGCGTTCTTCATCGATGC,Plate 7,B7
KabirITS1_7,kabir_ITSrcbc606,ATCTTGGAGTCG,CAAGCAGAAGACGGCATACGAGATATCTTGGAGTCGCGGCTGCGTTCTTCATCGATGC,Plate 7,C7
KabirITS1_7,kabir_ITSrcbc613,TAAGATGCAGTC,CAAGCAGAAGACGGCATACGAGATTAAGATGCAGTCCGGCTGCGTTCTTCATCGATGC,Plate 7,D2
KabirITS1_7,kabir_ITSrcbc642,ACTGGCAAACCT,CAAGCAGAAGACGGCATACGAGATACTGGCAAACCTCGGCTGCGTTCTTCATCGATGC,Plate 7,F7
KabirITS1_7,kabir_ITSrcbc660,CAGTCTAGTACG,CAAGCAGAAGACGGCATACGAGATCAGTCTAGTACGCGGCTGCGTTCTTCATCGATGC,Plate 7,H1
KabirITS1_8,kabir_ITSrcbc672,CTACCGATTGCG,CAAGCAGAAGACGGCATACGAGATCTACCGATTGCGCGGCTGCGTTCTTCATCGATGC,Plate 8,A1
KabirITS1_8,kabir_ITSrcbc673,TCACCCAAGGTA,CAAGCAGAAGACGGCATACGAGATTCACCCAAGGTACGGCTGCGTTCTTCATCGATGC,Plate 8,A2
KabirITS1_8,kabir_ITSrcbc674,AGCCAGTCATAC,CAAGCAGAAGACGGCATACGAGATAGCCAGTCATACCGGCTGCGTTCTTCATCGATGC,Plate 8,A3
KabirITS1_8,kabir_ITSrcbc675,TAACGGCGCTCT,CAAGCAGAAGACGGCATACGAGATTAACGGCGCTCTCGGCTGCGTTCTTCATCGATGC,Plate 8,A4
KabirITS1_8,kabir_ITSrcbc676,GTTTGCTCGAGA,CAAGCAGAAGACGGCATACGAGATGTTTGCTCGAGACGGCTGCGTTCTTCATCGATGC,Plate 8,A5
KabirITS1_8,kabir_ITSrcbc677,CAAACGCACTAA,CAAGCAGAAGACGGCATACGAGATCAAACGCACTAACGGCTGCGTTCTTCATCGATGC,Plate 8,A6
KabirITS1_8,kabir_ITSrcbc678,GAACAAAGAGCG,CAAGCAGAAGACGGCATACGAGATGAACAAAGAGCGCGGCTGCGTTCTTCATCGATGC,Plate 8,A7
KabirITS1_8,kabir_ITSrcbc679,GCTAAGTGATGT,CAAGCAGAAGACGGCATACGAGATGCTAAGTGATGTCGGCTGCGTTCTTCATCGATGC,Plate 8,A8
KabirITS1_8,kabir_ITSrcbc680,AAGGGACAAGTG,CAAGCAGAAGACGGCATACGAGATAAGGGACAAGTGCGGCTGCGTTCTTCATCGATGC,Plate 8,A9
KabirITS1_8,kabir_ITSrcbc681,AGTGTCGATTCG,CAAGCAGAAGACGGCATACGAGATAGTGTCGATTCGCGGCTGCGTTCTTCATCGATGC,Plate 8,A10
KabirITS1_8,kabir_ITSrcbc682,CTATTAAGCGGC,CAAGCAGAAGACGGCATACGAGATCTATTAAGCGGCCGGCTGCGTTCTTCATCGATGC,Plate 8,A11
KabirITS1_8,kabir_ITSrcbc683,CCTACCATTGTT,CAAGCAGAAGACGGCATACGAGATCCTACCATTGTTCGGCTGCGTTCTTCATCGATGC,Plate 8,A12
KabirITS1_8,kabir_ITSrcbc684,GAGTCCGTTGCT,CAAGCAGAAGACGGCATACGAGATGAGTCCGTTGCTCGGCTGCGTTCTTCATCGATGC,Plate 8,B1
KabirITS1_8,kabir_ITSrcbc685,GATAACTGTACG,CAAGCAGAAGACGGCATACGAGATGATAACTGTACGCGGCTGCGTTCTTCATCGATGC,Plate 8,B2
KabirITS1_8,kabir_ITSrcbc686,TAAACCTGGACA,CAAGCAGAAGACGGCATACGAGATTAAACCTGGACACGGCTGCGTTCTTCATCGATGC,Plate 8,B3
KabirITS1_8,kabir_ITSrcbc687,CCGAATTGACAA,CAAGCAGAAGACGGCATACGAGATCCGAATTGACAACGGCTGCGTTCTTCATCGATGC,Plate 8,B4
KabirITS1_8,kabir_ITSrcbc688,CTGGCATCTAGC,CAAGCAGAAGACGGCATACGAGATCTGGCATCTAGCCGGCTGCGTTCTTCATCGATGC,Plate 8,B5
KabirITS1_8,kabir_ITSrcbc689,GGTGGTCGTTCT,CAAGCAGAAGACGGCATACGAGATGGTGGTCGTTCTCGGCTGCGTTCTTCATCGATGC,Plate 8,B6
KabirITS1_8,kabir_ITSrcbc690,ACTATGGGCTAA,CAAGCAGAAGACGGCATACGAGATACTATGGGCTAACGGCTGCGTTCTTCATCGATGC,Plate 8,B7
KabirITS1_8,kabir_ITSrcbc691,GCATTGAGTTCG,CAAGCAGAAGACGGCATACGAGATGCATTGAGTTCGCGGCTGCGTTCTTCATCGATGC,Plate 8,B8
KabirITS1_8,kabir_ITSrcbc692,GTTGCTGAGTCC,CAAGCAGAAGACGGCATACGAGATGTTGCTGAGTCCCGGCTGCGTTCTTCATCGATGC,Plate 8,B9
KabirITS1_8,kabir_ITSrcbc693,CTATGGTGAACC,CAAGCAGAAGACGGCATACGAGATCTATGGTGAACCCGGCTGCGTTCTTCATCGATGC,Plate 8,B10
KabirITS1_8,kabir_ITSrcbc694,GGACCAAGGGAT,CAAGCAGAAGACGGCATACGAGATGGACCAAGGGATCGGCTGCGTTCTTCATCGATGC,Plate 8,B11
KabirITS1_8,kabir_ITSrcbc695,GTATTGGTCAGA,CAAGCAGAAGACGGCATACGAGATGTATTGGTCAGACGGCTGCGTTCTTCATCGATGC,Plate 8,B12
KabirITS1_8,kabir_ITSrcbc696,AGAACCGTCATA,CAAGCAGAAGACGGCATACGAGATAGAACCGTCATACGGCTGCGTTCTTCATCGATGC,Plate 8,C1
KabirITS1_8,kabir_ITSrcbc697,AACTGGAACCCT,CAAGCAGAAGACGGCATACGAGATAACTGGAACCCTCGGCTGCGTTCTTCATCGATGC,Plate 8,C2
KabirITS1_8,kabir_ITSrcbc698,ATACTCGGCTGC,CAAGCAGAAGACGGCATACGAGATATACTCGGCTGCCGGCTGCGTTCTTCATCGATGC,Plate 8,C3
KabirITS1_8,kabir_ITSrcbc699,ACGCTTAACGAC,CAAGCAGAAGACGGCATACGAGATACGCTTAACGACCGGCTGCGTTCTTCATCGATGC,Plate 8,C4
KabirITS1_8,kabir_ITSrcbc700,AGCTTACCGACC,CAAGCAGAAGACGGCATACGAGATAGCTTACCGACCCGGCTGCGTTCTTCATCGATGC,Plate 8,C5
KabirITS1_8,kabir_ITSrcbc701,AGGGCTATAGTT,CAAGCAGAAGACGGCATACGAGATAGGGCTATAGTTCGGCTGCGTTCTTCATCGATGC,Plate 8,C6
KabirITS1_8,kabir_ITSrcbc702,TGTCTCGCAAGC,CAAGCAGAAGACGGCATACGAGATTGTCTCGCAAGCCGGCTGCGTTCTTCATCGATGC,Plate 8,C7
KabirITS1_8,kabir_ITSrcbc703,CAGCCGCATATC,CAAGCAGAAGACGGCATACGAGATCAGCCGCATATCCGGCTGCGTTCTTCATCGATGC,Plate 8,C8
KabirITS1_8,kabir_ITSrcbc704,GATACGTTCGCA,CAAGCAGAAGACGGCATACGAGATGATACGTTCGCACGGCTGCGTTCTTCATCGATGC,Plate 8,C9
KabirITS1_8,kabir_ITSrcbc705,CCAAGATTCGCC,CAAGCAGAAGACGGCATACGAGATCCAAGATTCGCCCGGCTGCGTTCTTCATCGATGC,Plate 8,C10
KabirITS1_8,kabir_ITSrcbc706,GAGGCTGATTTA,CAAGCAGAAGACGGCATACGAGATGAGGCTGATTTACGGCTGCGTTCTTCATCGATGC,Plate 8,C11
KabirITS1_8,kabir_ITSrcbc707,GAGTTAGCATCA,CAAGCAGAAGACGGCATACGAGATGAGTTAGCATCACGGCTGCGTTCTTCATCGATGC,Plate 8,C12
KabirITS1_8,kabir_ITSrcbc708,TGTAGTATAGGC,CAAGCAGAAGACGGCATACGAGATTGTAGTATAGGCCGGCTGCGTTCTTCATCGATGC,Plate 8,D1
KabirITS1_8,kabir_ITSrcbc709,CTCACGCAATGC,CAAGCAGAAGACGGCATACGAGATCTCACGCAATGCCGGCTGCGTTCTTCATCGATGC,Plate 8,D2
KabirITS1_8,kabir_ITSrcbc710,GTCCCGTGAAAT,CAAGCAGAAGACGGCATACGAGATGTCCCGTGAAATCGGCTGCGTTCTTCATCGATGC,Plate 8,D3
KabirITS1_8,kabir_ITSrcbc711,GGACAGTGTATT,CAAGCAGAAGACGGCATACGAGATGGACAGTGTATTCGGCTGCGTTCTTCATCGATGC,Plate 8,D4
KabirITS1_8,kabir_ITSrcbc712,ACACGACTATAG,CAAGCAGAAGACGGCATACGAGATACACGACTATAGCGGCTGCGTTCTTCATCGATGC,Plate 8,D5
KabirITS1_8,kabir_ITSrcbc713,GTGTAGGTGCTT,CAAGCAGAAGACGGCATACGAGATGTGTAGGTGCTTCGGCTGCGTTCTTCATCGATGC,Plate 8,D6
KabirITS1_8,kabir_ITSrcbc714,TGAACTAGCGTC,CAAGCAGAAGACGGCATACGAGATTGAACTAGCGTCCGGCTGCGTTCTTCATCGATGC,Plate 8,D7
KabirITS1_8,kabir_ITSrcbc715,TCCGAGTCACCA,CAAGCAGAAGACGGCATACGAGATTCCGAGTCACCACGGCTGCGTTCTTCATCGATGC,Plate 8,D8
KabirITS1_8,kabir_ITSrcbc716,TCCTCTTTGGTC,CAAGCAGAAGACGGCATACGAGATTCCTCTTTGGTCCGGCTGCGTTCTTCATCGATGC,Plate 8,D9
KabirITS1_8,kabir_ITSrcbc717,TCCACCCTCTAT,CAAGCAGAAGACGGCATACGAGATTCCACCCTCTATCGGCTGCGTTCTTCATCGATGC,Plate 8,D10
KabirITS1_8,kabir_ITSrcbc718,TCGTGACGCTAA,CAAGCAGAAGACGGCATACGAGATTCGTGACGCTAACGGCTGCGTTCTTCATCGATGC,Plate 8,D11
KabirITS1_8,kabir_ITSrcbc719,ACGGCTAGTTCC,CAAGCAGAAGACGGCATACGAGATACGGCTAGTTCCCGGCTGCGTTCTTCATCGATGC,Plate 8,D12
KabirITS1_8,kabir_ITSrcbc720,GCACTGGCATAT,CAAGCAGAAGACGGCATACGAGATGCACTGGCATATCGGCTGCGTTCTTCATCGATGC,Plate 8,E1
KabirITS1_8,kabir_ITSrcbc721,GGCATTAGTTGA,CAAGCAGAAGACGGCATACGAGATGGCATTAGTTGACGGCTGCGTTCTTCATCGATGC,Plate 8,E2
KabirITS1_8,kabir_ITSrcbc722,CGGTAGTTGATC,CAAGCAGAAGACGGCATACGAGATCGGTAGTTGATCCGGCTGCGTTCTTCATCGATGC,Plate 8,E3
KabirITS1_8,kabir_ITSrcbc723,TGAAAGCGGCGA,CAAGCAGAAGACGGCATACGAGATTGAAAGCGGCGACGGCTGCGTTCTTCATCGATGC,Plate 8,E4
KabirITS1_8,kabir_ITSrcbc724,GGTTACGGTTAC,CAAGCAGAAGACGGCATACGAGATGGTTACGGTTACCGGCTGCGTTCTTCATCGATGC,Plate 8,E5
KabirITS1_8,kabir_ITSrcbc725,ACATCAGGTCAC,CAAGCAGAAGACGGCATACGAGATACATCAGGTCACCGGCTGCGTTCTTCATCGATGC,Plate 8,E6
KabirITS1_8,kabir_ITSrcbc726,GTTGATACGATG,CAAGCAGAAGACGGCATACGAGATGTTGATACGATGCGGCTGCGTTCTTCATCGATGC,Plate 8,E7
KabirITS1_8,kabir_ITSrcbc727,CAGACACTTCCG,CAAGCAGAAGACGGCATACGAGATCAGACACTTCCGCGGCTGCGTTCTTCATCGATGC,Plate 8,E8
KabirITS1_8,kabir_ITSrcbc728,TCACCATCCGAG,CAAGCAGAAGACGGCATACGAGATTCACCATCCGAGCGGCTGCGTTCTTCATCGATGC,Plate 8,E9
KabirITS1_8,kabir_ITSrcbc729,ACCCACCACTAG,CAAGCAGAAGACGGCATACGAGATACCCACCACTAGCGGCTGCGTTCTTCATCGATGC,Plate 8,E10
KabirITS1_8,kabir_ITSrcbc730,CAGAAGGTGTGG,CAAGCAGAAGACGGCATACGAGATCAGAAGGTGTGGCGGCTGCGTTCTTCATCGATGC,Plate 8,E11
KabirITS1_8,kabir_ITSrcbc731,GAAGCTTGAATC,CAAGCAGAAGACGGCATACGAGATGAAGCTTGAATCCGGCTGCGTTCTTCATCGATGC,Plate 8,E12
KabirITS1_8,kabir_ITSrcbc732,ACTAGGATCAGT,CAAGCAGAAGACGGCATACGAGATACTAGGATCAGTCGGCTGCGTTCTTCATCGATGC,Plate 8,F1
KabirITS1_8,kabir_ITSrcbc733,GCTCCTTAGAAG,CAAGCAGAAGACGGCATACGAGATGCTCCTTAGAAGCGGCTGCGTTCTTCATCGATGC,Plate 8,F2
KabirITS1_8,kabir_ITSrcbc734,TCCCATTCCCAT,CAAGCAGAAGACGGCATACGAGATTCCCATTCCCATCGGCTGCGTTCTTCATCGATGC,Plate 8,F3
KabirITS1_8,kabir_ITSrcbc735,TGGCGTCATTCG,CAAGCAGAAGACGGCATACGAGATTGGCGTCATTCGCGGCTGCGTTCTTCATCGATGC,Plate 8,F4
KabirITS1_8,kabir_ITSrcbc736,AATCCTCGGAGT,CAAGCAGAAGACGGCATACGAGATAATCCTCGGAGTCGGCTGCGTTCTTCATCGATGC,Plate 8,F5
KabirITS1_8,kabir_ITSrcbc737,CTGGACGCATTA,CAAGCAGAAGACGGCATACGAGATCTGGACGCATTACGGCTGCGTTCTTCATCGATGC,Plate 8,F6
KabirITS1_8,kabir_ITSrcbc738,ACCGATTAGGTA,CAAGCAGAAGACGGCATACGAGATACCGATTAGGTACGGCTGCGTTCTTCATCGATGC,Plate 8,F7
KabirITS1_8,kabir_ITSrcbc739,ATGTGCTGCTCG,CAAGCAGAAGACGGCATACGAGATATGTGCTGCTCGCGGCTGCGTTCTTCATCGATGC,Plate 8,F8
KabirITS1_8,kabir_ITSrcbc740,TACGTACGAAAC,CAAGCAGAAGACGGCATACGAGATTACGTACGAAACCGGCTGCGTTCTTCATCGATGC,Plate 8,F9
KabirITS1_8,kabir_ITSrcbc741,ATCACATTCTCC,CAAGCAGAAGACGGCATACGAGATATCACATTCTCCCGGCTGCGTTCTTCATCGATGC,Plate 8,F10
KabirITS1_8,kabir_ITSrcbc742,AGCCTGGTACCT,CAAGCAGAAGACGGCATACGAGATAGCCTGGTACCTCGGCTGCGTTCTTCATCGATGC,Plate 8,F11
KabirITS1_8,kabir_ITSrcbc743,GCTAAAGTCGTA,CAAGCAGAAGACGGCATACGAGATGCTAAAGTCGTACGGCTGCGTTCTTCATCGATGC,Plate 8,F12
KabirITS1_8,kabir_ITSrcbc744,TCTCAGCGCGTA,CAAGCAGAAGACGGCATACGAGATTCTCAGCGCGTACGGCTGCGTTCTTCATCGATGC,Plate 8,G1
KabirITS1_8,kabir_ITSrcbc745,GACCCTAGACCT,CAAGCAGAAGACGGCATACGAGATGACCCTAGACCTCGGCTGCGTTCTTCATCGATGC,Plate 8,G2
KabirITS1_8,kabir_ITSrcbc746,TATTCAGCGGAC,CAAGCAGAAGACGGCATACGAGATTATTCAGCGGACCGGCTGCGTTCTTCATCGATGC,Plate 8,G3
KabirITS1_8,kabir_ITSrcbc747,GTTCCGGATTAG,CAAGCAGAAGACGGCATACGAGATGTTCCGGATTAGCGGCTGCGTTCTTCATCGATGC,Plate 8,G4
KabirITS1_8,kabir_ITSrcbc748,GCGTGTAATTAG,CAAGCAGAAGACGGCATACGAGATGCGTGTAATTAGCGGCTGCGTTCTTCATCGATGC,Plate 8,G5
KabirITS1_8,kabir_ITSrcbc749,CTGTAGCTTGGC,CAAGCAGAAGACGGCATACGAGATCTGTAGCTTGGCCGGCTGCGTTCTTCATCGATGC,Plate 8,G6
KabirITS1_8,kabir_ITSrcbc750,ATGCCTCGTAAG,CAAGCAGAAGACGGCATACGAGATATGCCTCGTAAGCGGCTGCGTTCTTCATCGATGC,Plate 8,G7
KabirITS1_8,kabir_ITSrcbc751,ACCTATGGTGAA,CAAGCAGAAGACGGCATACGAGATACCTATGGTGAACGGCTGCGTTCTTCATCGATGC,Plate 8,G8
KabirITS1_8,kabir_ITSrcbc752,CTGTTACAGCGA,CAAGCAGAAGACGGCATACGAGATCTGTTACAGCGACGGCTGCGTTCTTCATCGATGC,Plate 8,G9
KabirITS1_8,kabir_ITSrcbc753,CAGTCAGGCCTT,CAAGCAGAAGACGGCATACGAGATCAGTCAGGCCTTCGGCTGCGTTCTTCATCGATGC,Plate 8,G10
KabirITS1_8,kabir_ITSrcbc754,ACTGAGCTGCAT,CAAGCAGAAGACGGCATACGAGATACTGAGCTGCATCGGCTGCGTTCTTCATCGATGC,Plate 8,G11
KabirITS1_8,kabir_ITSrcbc755,ACGAAGTCTACC,CAAGCAGAAGACGGCATACGAGATACGAAGTCTACCCGGCTGCGTTCTTCATCGATGC,Plate 8,G12
KabirITS1_8,kabir_ITSrcbc756,ACCGTCTTTCTC,CAAGCAGAAGACGGCATACGAGATACCGTCTTTCTCCGGCTGCGTTCTTCATCGATGC,Plate 8,H1
KabirITS1_8,kabir_ITSrcbc757,AGTCTGTCTGCG,CAAGCAGAAGACGGCATACGAGATAGTCTGTCTGCGCGGCTGCGTTCTTCATCGATGC,Plate 8,H2
KabirITS1_8,kabir_ITSrcbc758,CCGCACTCAAGT,CAAGCAGAAGACGGCATACGAGATCCGCACTCAAGTCGGCTGCGTTCTTCATCGATGC,Plate 8,H3
KabirITS1_8,kabir_ITSrcbc759,TGTGGAAACTCC,CAAGCAGAAGACGGCATACGAGATTGTGGAAACTCCCGGCTGCGTTCTTCATCGATGC,Plate 8,H4
KabirITS1_8,kabir_ITSrcbc760,TTAGGCAGGTTC,CAAGCAGAAGACGGCATACGAGATTTAGGCAGGTTCCGGCTGCGTTCTTCATCGATGC,Plate 8,H5
KabirITS1_8,kabir_ITSrcbc761,TAAGACTACTGG,CAAGCAGAAGACGGCATACGAGATTAAGACTACTGGCGGCTGCGTTCTTCATCGATGC,Plate 8,H6
KabirITS1_8,kabir_ITSrcbc762,CGCGAAGTTTCA,CAAGCAGAAGACGGCATACGAGATCGCGAAGTTTCACGGCTGCGTTCTTCATCGATGC,Plate 8,H7
KabirITS1_8,kabir_ITSrcbc763,CGATACACTGCC,CAAGCAGAAGACGGCATACGAGATCGATACACTGCCCGGCTGCGTTCTTCATCGATGC,Plate 8,H8
KabirITS1_8,kabir_ITSrcbc764,TTGAAATCCCGG,CAAGCAGAAGACGGCATACGAGATTTGAAATCCCGGCGGCTGCGTTCTTCATCGATGC,Plate 8,H9
KabirITS1_8,kabir_ITSrcbc765,GTTAGGGAGCGA,CAAGCAGAAGACGGCATACGAGATGTTAGGGAGCGACGGCTGCGTTCTTCATCGATGC,Plate 8,H10
KabirITS1_8,kabir_ITSrcbc766,TTACTGTGGCCG,CAAGCAGAAGACGGCATACGAGATTTACTGTGGCCGCGGCTGCGTTCTTCATCGATGC,Plate 8,H11
KabirITS1_8,kabir_ITSrcbc767,ATATAAGGCCCA,CAAGCAGAAGACGGCATACGAGATATATAAGGCCCACGGCTGCGTTCTTCATCGATGC,Plate 8,H12
